# 学号	姓名	专业名	性别	出生时间	总学分	备注
# 070101	丁一平	计算机科学与技术	男	1989-5-1	80	三好生
# 070102	王红	计算机科学与技术	女	1988-12-20	80
# 070105	朱江	计算机科学与技术	男	1990-1-10	78	有补考科目
# 070201	王燕燕	电子信息工程	女	1988-11-19	74
# 070202	王波	电子信息工程	男	1989-2-18	76	获奖学金
# 070206	赵红涛	电子信息工程	男	1989-3-20	72
# 070207	朱平平	电子信息工程	女	1990-1-10	74
# 070208	李进	电子信息工程	男	1989-9-12	74
INSERT INTO `Student`(`id`, `name`, `major`, `gender`, `birthday`, `credit`, `remark`)
VALUES ('070101', '丁一平', '计算机科学与技术', '男', '1989-5-1', 80, '三好生'),
       ('070102', '王红', '计算机科学与技术', '女', '1988-12-20', 80, NULL),
       ('070105', '朱江', '计算机科学与技术', '男', '1990-1-10', 78, '有补考科目'),
       ('070201', '王燕燕', '电子信息工程', '女', '1988-11-19', 74, NULL),
       ('070202', '王波', '电子信息工程', '男', '1989-2-18', 76, '获奖学金'),
       ('070206', '赵红涛', '电子信息工程', '男', '1989-3-20', 72, NULL),
       ('070207', '朱平平', '电子信息工程', '女', '1990-1-10', 74, NULL),
       ('070208', '李进', '电子信息工程', '男', '1989-9-12', 74, NULL);

# 课程号	课程名	开课学期	学时	学分
# 1001	高等数学1	1	80	5
# 1002	高等数学2	2	80	5
# 2001	程序设计基础	1	64	4
# 3001	电路基础	2	48	3
INSERT INTO `Course`(`id`, `name`, `term`, `time`, `credit`)
VALUES ('1001', '高等数学1', 1, 80, 5),
       ('1002', '高等数学2', 2, 80, 5),
       ('2001', '程序设计基础', 1, 64, 4),
       ('3001', '电路基础', 2, 48, 3);

# 学号	课程号	成绩	    学号	   课程号	成绩
# 070101	1001	90	070201	1002	80
# 070101	1002	95	070201	3001	85
# 070101	2001	88	070202	1001	96
# 070102	1001	70	070202	1002	95
# 070102	1002	75	070206	3001	98
# 070102	2001	82	070206	1001	72
# 070105	1001	78	070206	1002	70
# 070105	1002	55	070206	2001	8
# 070105	2001	81
# 070201	1001	82
INSERT INTO `StuCourse`(`id`, `course`, `score`)
VALUES ('070101', '1001', 90),
       ('070101', '1002', 95),
       ('070101', '2001', 88),
       ('070102', '1001', 70),
       ('070102', '1002', 75),
       ('070102', '2001', 82),
       ('070105', '1001', 78),
       ('070105', '1002', 55),
       ('070105', '2001', 81),
       ('070201', '1002', 80),
       ('070201', '3001', 85),
       ('070202', '1001', 96),
       ('070202', '1002', 95),
       ('070206', '3001', 98),
       ('070206', '1001', 72),
       ('070206', '1002', 70),
       ('070206', '2001', 8);